<?xml version="1.0" encoding="UTF-8" standalone="yes"?>
<addon id="plugin.video.qnews"
	name="Qanon News"
	version="1.0.5"
	provider-name="scottyvbama">
  <requires>
    <import addon="xbmc.python" version="2.1.0"/>
    <import addon="script.module.addon.common" version="2.0.0"/>
    <import addon="plugin.video.youtube" version="5.0.0"/>
  </requires>
  <extension point="xbmc.python.pluginsource" library="default.py">
    <provides>video</provides>
  </extension>
  <extension point="xbmc.addon.metadata">
    <summary lang="en">Qanon News</summary>
    <description lang="en">Its Time folks PLEASE WAKE UP!  Follow, comment, support via twitter @scottyvbama</description>
    <platform>all</platform>
    <forum>n/a</forum>
    <website>http://www.prophetic-news.com</website>
    <source>http://apt.pearllinux.com/kodirepo/plugin.video.qnews.zip</source>
  </extension>
</addon>
